Fund Name,P1,P2,P3,P4,P5,Topsis Score,Rank
M1,0.71,0.5,3.9,33.8,9.73,0.15975770115196294,8.0
M2,0.88,0.77,5.2,45.8,13.16,0.5909297979990962,3.0
M3,0.78,0.61,3.8,40.1,11.32,0.32320933381278755,7.0
M4,0.91,0.83,5.8,43.8,12.84,0.6231882276666331,1.0
M5,0.76,0.58,6.4,34.8,10.64,0.3999615384720313,5.0
M6,0.89,0.79,6.7,40.3,12.17,0.5956225850098128,2.0
M7,0.67,0.45,5.7,62.7,17.38,0.5754171533398358,4.0
M8,0.62,0.38,4.3,54.1,14.85,0.38670742426237753,6.0
